Title,Author,Categories,File,Language,Pages,Publisher,Year
"Dark Psychology Secret: The Essential Guide to Persuasion, Emotional Manipulation, Deception, Mind Control, Human Behavior, NLP and Hypnosis, How To Stop Being Manipulated And Defend Your Mind",Daniel James Hollins,"Psychology,Neuro-Linguistic",EPUB,english,188,Independently,2019
"Dark Psychology: Super ADVANCED Techniques to PERSUADE ANYONE, Secretly MANIPULATE People and INFLUENCE Their Behaviour Without Them Noticing (Emotional, Body Language, NLP, Psychology Tricks)",Richard Campbell,"Psychology,Neuro-Linguistic",EPUB,english,113,NaN,2019
"The Secret Codes: The Ultimate Formula of Mind Control , NLP , Body language, Covert Hypnosis and Persuasion secrets For Business USE",Alsadi,NaN,EPUB,english,NaN,NaN,2015
"Psychological Skills, Influence People, NLP Techniques ... Influence People, Neuropsychology NLP: The Real Mind Control: A book that will make you understand Neuro-Linguistic Programming",Gurkovsky,NaN,EPUB,english,NaN,Ravens,2015
"Dark Psychology Secrets: Defense Manipulation, Emotional Influence, Persuasion, Deception, Mind Control, Covert Nlp, Brainwashing and Hypnosis",Susan Johnson,"Psychology,Neuro-Linguistic",EPUB,english,NaN,NaN,2019
"The Big Book of NLP, Expanded: 350+ Techniques, Patterns & Strategies of Neuro Linguistic Programming",Shlomo Vaknin,"Computers,Programming",PDF,english,826,Inner,2010
"Dark Psychology: Why YOU NEED to Learn NOW secrets techniques to influence people with Manipulation, Persuasion, Deception, Mind Control, Covert NLP and Brainwashing + BONUS",Jason Goleman,"Psychology,Neuro-Linguistic",EPUB,english,111,NaN,2019
Persuasion Skills Black Book: Practical NLP Language Patterns for Getting The Response You Want,Rintu Basu,"Psychology,Neuro-Linguistic",PDF,english,188,Bookshaker,2009
The Big Book Of NLP Techniques: 200+ Patterns & Strategies of Neuro Linguistic Programming,Shlomo Vaknin,"Psychology,Neuro-Linguistic",PDF,english,708,NaN,2008
NLP: The Essential Guide to Neuro-Linguistic Programming,Tom Hoobyar,NaN,EPUB,english,NaN,William,2013
The NLP Trainer Training Manual,Peter Freeth,"Psychology,Neuro-Linguistic",PDF,english,221,CGW,2017
Nlp Made Easy: How to Use Neuro-Linguistic Programming to Change Your Life,Ali Campbell,Paperback,EPUB,english,224,Hay,2018
